0,0.3,1.290000044
0,0.29384325,1.290000044
0,0.286007464,1.288571385
0,0.277332074,1.284285627
0,0.26921642,1.284285627
0,0.262499977,1.282857186
0,0.25634327,1.27714277
0,0.250466409,1.27714277
0,0.24430968,1.272857012
0,0.237873126,1.269999913
0,0.231156705,1.267142814
0,0.224999976,1.264285714
0,0.219123115,1.258571298
0,0.212126847,1.258571298
0,0.204850775,1.251428441
0,0.197294771,1.251428441
0,0.189738789,1.244285583
0,0.182462674,1.237142726
0,0.176305967,1.237142726
0,0.168470138,1.22714277
0,0.16147387,1.228571429
0,0.154197756,1.218571472
0,0.148041027,1.211428615
0,0.141884319,1.202857099
0,0.134608205,1.197142901
0,0.12733209,1.191428484
0,0.120895515,1.182857186
0,0.112499993,1.175714329
0,0.105503725,1.174285671
0,0.097947764,1.162857056
0,0.089272375,1.158571298
0,0.081716414,1.151428441
0,0.076399246,1.137142726
0,0.069962702,1.131428528
0,0.062406709,1.121428571
0,0.053451484,1.108571298
0,0.046175391,1.095714242
0,0.037779869,1.081428528
0,0.030783601,1.065714155
0,0.023787333,1.058571298
0,0.016511197,1.035714286
0,0.009514929,1.028571429
0,0,1
0.01,0.3,1.290000044
0.01,0.29384325,1.290000044
0.01,0.286007464,1.288571385
0.01,0.277332074,1.284285627
0.01,0.26921642,1.284285627
0.01,0.262499977,1.282857186
0.01,0.25634327,1.27714277
0.01,0.250466409,1.27714277
0.01,0.24430968,1.272857012
0.01,0.237873126,1.269999913
0.01,0.231156705,1.267142814
0.01,0.224999976,1.264285714
0.01,0.219123115,1.258571298
0.01,0.212126847,1.258571298
0.01,0.204850775,1.251428441
0.01,0.197294771,1.251428441
0.01,0.189738789,1.244285583
0.01,0.182462674,1.237142726
0.01,0.176305967,1.237142726
0.01,0.168470138,1.22714277
0.01,0.16147387,1.228571429
0.01,0.154197756,1.218571472
0.01,0.148041027,1.211428615
0.01,0.141884319,1.202857099
0.01,0.134608205,1.197142901
0.01,0.12733209,1.191428484
0.01,0.120895515,1.182857186
0.01,0.112499993,1.175714329
0.01,0.105503725,1.174285671
0.01,0.097947764,1.162857056
0.01,0.089272375,1.158571298
0.01,0.081716414,1.151428441
0.01,0.076399246,1.137142726
0.01,0.069962702,1.131428528
0.01,0.062406709,1.121428571
0.01,0.053451484,1.108571298
0.01,0.046175391,1.095714242
0.01,0.037779869,1.081428528
0.01,0.030783601,1.065714155
0.01,0.023787333,1.058571298
0.01,0.016511197,1.035714286
0.01,0.009514929,1.028571429
0.01,0,1
0.02,0.3,1.424285671
0.02,0.294402986,1.421428571
0.02,0.28796641,1.421428571
0.02,0.280970142,1.415714155
0.02,0.274813435,1.409999956
0.02,0.267817167,1.405714199
0.02,0.260820899,1.405714199
0.02,0.25382463,1.401428441
0.02,0.24598878,1.4
0.02,0.238712666,1.391428484
0.02,0.232276112,1.384285627
0.02,0.227238833,1.384285627
0.02,0.222761183,1.379999869
0.02,0.216884322,1.378571429
0.02,0.211567154,1.378571429
0.02,0.207089547,1.371428571
0.02,0.200093279,1.369999913
0.02,0.194496264,1.367142814
0.02,0.187779842,1.357142857
0.02,0.179944014,1.355714199
0.02,0.172667899,1.348571341
0.02,0.166231324,1.340000044
0.02,0.159514924,1.338571385
0.02,0.154197756,1.332857186
0.02,0.146921641,1.324285671
0.02,0.138246251,1.315714155
0.02,0.131809698,1.308571298
0.02,0.124533583,1.301428441
0.02,0.118936569,1.297142901
0.02,0.113059686,1.290000044
0.02,0.106343286,1.279999869
0.02,0.101305964,1.274285671
0.02,0.09570895,1.268571472
0.02,0.087593275,1.262857056
0.02,0.082555974,1.258571298
0.02,0.076119399,1.244285583
0.02,0.071361956,1.237142726
0.02,0.066044767,1.228571429
0.02,0.058208949,1.218571472
0.02,0.051772405,1.211428615
0.02,0.044776137,1.195714242
0.02,0.036940298,1.179999869
0.02,0.029384347,1.158571298
0.02,0.021548508,1.140000044
0.02,0.012593283,1.104285758
0.02,0.006156718,1.058571298
0.02,0,1
0.03,0.3,1.485714286
0.03,0.291604478,1.475714329
0.03,0.283208957,1.474285671
0.03,0.273414181,1.464285714
0.03,0.265578352,1.459999956
0.03,0.256063402,1.45
0.03,0.246268648,1.442857143
0.03,0.239832116,1.437142726
0.03,0.232276112,1.432857186
0.03,0.225839579,1.42714277
0.03,0.212686561,1.419999913
0.03,0.199813411,1.408571298
0.03,0.187220128,1.397142901
0.03,0.173227592,1.387142726
0.03,0.16147387,1.37714277
0.03,0.150839534,1.367142814
0.03,0.139925373,1.358571298
0.03,0.12649253,1.341428484
0.03,0.115298501,1.331428528
0.03,0.105223879,1.317142814
0.03,0.095149257,1.309999956
0.03,0.086473867,1.3
0.03,0.075279838,1.282857186
0.03,0.065764942,1.272857012
0.03,0.055130595,1.257142857
0.03,0.045335819,1.228571429
0.03,0.033861944,1.202857099
0.03,0.026305972,1.17714277
0.03,0.019029847,1.137142726
0.03,0.012593283,1.092857143
0.03,0.004757464,1.051428441
0.03,0,1
0.04,0.3,1.538571385
0.04,0.292443996,1.537142726
0.04,0.284048475,1.532857186
0.04,0.278171635,1.529999869
0.04,0.27257462,1.529999869
0.04,0.264738792,1.525714329
0.04,0.256623138,1.517142814
0.04,0.250186541,1.511428615
0.04,0.243749987,1.509999956
0.04,0.238432862,1.502857099
0.04,0.233675366,1.498571341
0.04,0.228358197,1.494285583
0.04,0.220802215,1.490000044
0.04,0.213246297,1.481428528
0.04,0.204570886,1.478571429
0.04,0.193656703,1.471428571
0.04,0.186100742,1.461428615
0.04,0.176305967,1.452857099
0.04,0.167910445,1.45
0.04,0.160914177,1.440000044
0.04,0.152238788,1.428571429
0.04,0.143843266,1.418571472
0.04,0.135727612,1.412857056
0.04,0.128731344,1.398571341
0.04,0.120615669,1.385714286
0.04,0.11110074,1.379999869
0.04,0.100746271,1.365714155
0.04,0.090951496,1.35
0.04,0.079477599,1.332857186
0.04,0.067164195,1.315714155
0.04,0.057649245,1.292857143
0.04,0.047574644,1.274285671
0.04,0.038899255,1.254285758
0.04,0.032742537,1.222857012
0.04,0.025746269,1.174285671
0.04,0.019589572,1.131428528
0.04,0.010074622,1.075714329
0.04,0.000279846,1.007142857
0.05,0.299440264,1.587142726
0.05,0.290205225,1.584285627
0.05,0.282649221,1.575714329
0.05,0.277052206,1.572857012
0.05,0.268656685,1.571428571
0.05,0.258302216,1.561428615
0.05,0.249067155,1.555714199
0.05,0.237313412,1.545714242
0.05,0.23003734,1.538571385
0.05,0.219682829,1.524285671
0.05,0.205130579,1.511428615
0.05,0.190858196,1.504285758
0.05,0.181902982,1.497142901
0.05,0.16483207,1.487142726
0.05,0.152798502,1.472857012
0.05,0.142164166,1.459999956
0.05,0.131529851,1.441428484
0.05,0.119496261,1.424285671
0.05,0.109141793,1.412857056
0.05,0.093750003,1.398571341
0.05,0.074999992,1.361428615
0.05,0.060727609,1.332857186
0.05,0.04953358,1.312857056
0.05,0.040858201,1.272857012
0.05,0.031343283,1.215714155
0.05,0.020708958,1.154285758
0.05,0.012873129,1.092857143
0.05,0.005317168,1.05
0.05,0,1
0.06,0.3,1.635714286
0.06,0.295242504,1.634285627
0.06,0.287406717,1.625714329
0.06,0.281249967,1.625714329
0.06,0.273414181,1.621428571
0.06,0.266417913,1.615714155
0.06,0.259421645,1.611428615
0.06,0.251026123,1.608571298
0.06,0.244589527,1.601428441
0.06,0.235634355,1.594285583
0.06,0.227238833,1.590000044
0.06,0.221082083,1.582857186
0.06,0.215205201,1.575714329
0.06,0.208768647,1.572857012
0.06,0.200932818,1.565714155
0.06,0.193376857,1.554285758
0.06,0.183302235,1.544285583
0.06,0.175466406,1.542857143
0.06,0.168470138,1.532857186
0.06,0.16147387,1.518571472
0.06,0.154477602,1.515714155
0.06,0.143563419,1.5
0.06,0.134328358,1.484285627
0.06,0.124533583,1.475714329
0.06,0.115018654,1.461428615
0.06,0.103544779,1.448571341
0.06,0.093750003,1.432857186
0.06,0.078917906,1.404285758
0.06,0.067164195,1.384285627
0.06,0.058768673,1.357142857
0.06,0.04785447,1.307142857
0.06,0.039179123,1.259999956
0.06,0.031063437,1.204285758
0.06,0.021548508,1.145714242
0.06,0.012593283,1.087142726
0.06,0.005037311,1.038571385
0.06,0,1
0.07,0.3,1.684285627
0.07,0.288805971,1.674285671
0.07,0.275652953,1.665714155
0.07,0.26305967,1.651428441
0.07,0.248507441,1.641428484
0.07,0.236473873,1.631428528
0.07,0.224999976,1.618571472
0.07,0.214085815,1.612857056
0.07,0.198694025,1.595714242
0.07,0.188059689,1.584285627
0.07,0.179104474,1.578571429
0.07,0.165671631,1.565714155
0.07,0.153638041,1.551428441
0.07,0.141324626,1.537142726
0.07,0.126212683,1.515714155
0.07,0.106902979,1.491428484
0.07,0.086753735,1.455714199
0.07,0.071361956,1.419999913
0.07,0.062126863,1.379999869
0.07,0.050093284,1.318571472
0.07,0.038619398,1.264285714
0.07,0.029384347,1.194285583
0.07,0.019309704,1.125714329
0.07,0.008115675,1.067142814
0.07,0,1
0.08,0.3,1.725714329
0.08,0.290205225,1.715714155
0.08,0.279850714,1.715714155
0.08,0.268936553,1.707142857
0.08,0.259981338,1.697142901
0.08,0.252425377,1.697142901
0.08,0.246268648,1.688571385
0.08,0.240391766,1.687142726
0.08,0.230876858,1.678571429
0.08,0.224160437,1.669999913
0.08,0.217444058,1.667142814
0.08,0.206809679,1.655714199
0.08,0.199253761,1.654285758
0.08,0.189738789,1.644285583
0.08,0.181902982,1.631428528
0.08,0.171828338,1.617142814
0.08,0.161194024,1.601428441
0.08,0.150559688,1.591428484
0.08,0.141604473,1.574285671
0.08,0.131529851,1.564285714
0.08,0.120335822,1.541428484
0.08,0.109701486,1.524285671
0.08,0.100746271,1.511428615
0.08,0.093470136,1.497142901
0.08,0.086753735,1.487142726
0.08,0.08031716,1.464285714
0.08,0.071921638,1.435714286
0.08,0.06408582,1.397142901
0.08,0.054850738,1.351428441
0.08,0.046175391,1.295714242
0.08,0.038899255,1.258571298
0.08,0.032742537,1.222857012
0.08,0.022667915,1.165714155
0.08,0.012593283,1.1
0.08,0.004757464,1.038571385
0.08,0,1
0.09,0.3,1.769999913
0.09,0.291044743,1.765714155
0.09,0.283768649,1.758571298
0.09,0.274253699,1.747142901
0.09,0.263339538,1.741428484
0.09,0.253264895,1.732857186
0.09,0.241231369,1.715714155
0.09,0.229477605,1.709999956
0.09,0.217164169,1.695714242
0.09,0.204850775,1.687142726
0.09,0.190298503,1.669999913
0.09,0.179664167,1.658571298
0.09,0.168470138,1.641428484
0.09,0.157835802,1.62714277
0.09,0.145522387,1.609999956
0.09,0.132649237,1.594285583
0.09,0.114738808,1.555714199
0.09,0.097108203,1.528571429
0.09,0.084794767,1.498571341
0.09,0.074720146,1.445714242
0.09,0.063526117,1.392857143
0.09,0.050652977,1.32714277
0.09,0.038899255,1.25
0.09,0.027985094,1.194285583
0.09,0.016791043,1.118571472
0.09,0.006996268,1.064285714
0.09,0,1
0.1,0.3,1.809999956
0.1,0.291884303,1.8
0.1,0.28460821,1.795714242
0.1,0.276772381,1.792857143
0.1,0.269776113,1.787142726
0.1,0.259981338,1.778571429
0.1,0.250466409,1.768571472
0.1,0.239832116,1.761428615
0.1,0.229757451,1.747142901
0.1,0.218843311,1.741428484
0.1,0.207929086,1.729999869
0.1,0.195335803,1.719999913
0.1,0.184981335,1.707142857
0.1,0.174906713,1.690000044
0.1,0.166511192,1.679999869
0.1,0.153917909,1.662857056
0.1,0.136287305,1.631428528
0.1,0.12649253,1.618571472
0.1,0.116417908,1.601428441
0.1,0.106902979,1.581428528
0.1,0.098227611,1.557142857
0.1,0.09235075,1.528571429
0.1,0.084514921,1.495714242
0.1,0.076679092,1.464285714
0.1,0.070242528,1.418571472
0.1,0.062966434,1.379999869
0.1,0.057929102,1.35
0.1,0.051492538,1.315714155
0.1,0.045055962,1.282857186
0.1,0.039179123,1.251428441
0.1,0.032182855,1.209999956
0.1,0.025746269,1.178571429
0.1,0.021548508,1.148571341
0.1,0.015951493,1.121428571
0.1,0.012313436,1.085714286
0.1,0.005597014,1.051428441
0.1,0,1
0.11,0.3,1.851872218
0.11,0.291044743,1.844713628
0.11,0.282929089,1.84041843
0.11,0.27257462,1.828964642
0.11,0.261380591,1.821806052
0.11,0.251865641,1.807488872
0.11,0.237593259,1.793171692
0.11,0.224440326,1.774559533
0.11,0.211567154,1.767400943
0.11,0.203451521,1.757378742
0.11,0.195895518,1.748788565
0.11,0.183861928,1.727312795
0.11,0.170708953,1.715859007
0.11,0.157835802,1.695815042
0.11,0.147481334,1.677202664
0.11,0.135727612,1.658590286
0.11,0.125932837,1.639977908
0.11,0.114179093,1.609911961
0.11,0.106623132,1.591299583
0.11,0.097947764,1.56409681
0.11,0.090951496,1.522577075
0.11,0.082276107,1.48821593
0.11,0.074720146,1.443832584
0.11,0.06744402,1.406607828
0.11,0.060447752,1.370814878
0.11,0.053171659,1.320704748
0.11,0.045335819,1.277753207
0.11,0.036660441,1.236233472
0.11,0.028544776,1.190418539
0.11,0.021268661,1.148898586
0.11,0.013152986,1.103083653
0.11,0.006156718,1.048678325
0.11,0,1
0.12,0.3,1.880506578
0.12,0.29384325,1.879074773
0.12,0.282649221,1.874779794
0.12,0.274253699,1.869052791
0.12,0.264179099,1.85473561
0.12,0.253544763,1.846145433
0.12,0.246828384,1.836123233
0.12,0.23927238,1.827533056
0.12,0.23059699,1.824669663
0.12,0.221082083,1.810352483
0.12,0.21464555,1.806057285
0.12,0.205690293,1.79746689
0.12,0.197854507,1.788876713
0.12,0.189738789,1.774559533
0.12,0.180503728,1.760242353
0.12,0.172667899,1.748788565
0.12,0.162033563,1.731607992
0.12,0.150279841,1.715859007
0.12,0.141884319,1.694383237
0.12,0.13236939,1.671475661
0.12,0.120895515,1.655726894
0.12,0.107462672,1.611343548
0.12,0.098507457,1.569823813
0.12,0.088712682,1.512555093
0.12,0.077518653,1.46674016
0.12,0.066324624,1.402312849
0.12,0.052332088,1.326431751
0.12,0.042257455,1.26916303
0.12,0.034141791,1.229074882
0.12,0.025466422,1.176101359
0.12,0.016511197,1.118832639
0.12,0.006716422,1.060132113
0.12,0,1
0.13,0.3,1.914867942
0.13,0.29384325,1.910572744
0.13,0.285167903,1.903414154
0.13,0.276772381,1.893391953
0.13,0.265578352,1.883369971
0.13,0.254384323,1.874779794
0.13,0.243190273,1.864757593
0.13,0.232835848,1.850440413
0.13,0.222201469,1.836123233
0.13,0.212686561,1.830396448
0.13,0.202052268,1.813215875
0.13,0.191697757,1.801762088
0.13,0.181063421,1.788876713
0.13,0.170708953,1.77599112
0.13,0.159514924,1.760242353
0.13,0.151119402,1.744493367
0.13,0.140205219,1.725880989
0.13,0.12901119,1.685792841
0.13,0.121175362,1.658590286
0.13,0.111380586,1.624229141
0.13,0.102145525,1.584140993
0.13,0.089272375,1.522577075
0.13,0.075839553,1.449559369
0.13,0.061847006,1.376541881
0.13,0.051772405,1.320704748
0.13,0.038059694,1.249118847
0.13,0.023787333,1.160352374
0.13,0.011194029,1.081607883
0.13,0.004757464,1.045814933
0.13,0,1
0.14,0.3,1.940638691
0.14,0.29384325,1.932048296
0.14,0.287406717,1.927753316
0.14,0.280410449,1.927753316
0.14,0.271455192,1.912004331
0.14,0.258582084,1.900550543
0.14,0.24542913,1.889096974
0.14,0.236194005,1.877643186
0.14,0.223041072,1.866189398
0.14,0.213246297,1.857599003
0.14,0.202052268,1.843281823
0.14,0.195055957,1.83325984
0.14,0.186660435,1.821806052
0.14,0.17854476,1.810352483
0.14,0.168470138,1.796035303
0.14,0.158675363,1.78314971
0.14,0.147481334,1.764537332
0.14,0.137406712,1.738766582
0.14,0.128731344,1.698678434
0.14,0.118097008,1.652863502
0.14,0.111660433,1.624229141
0.14,0.102425372,1.58557258
0.14,0.093470136,1.545484651
0.14,0.081716414,1.492510909
0.14,0.073880585,1.442400779
0.14,0.06408582,1.387995669
0.14,0.055130595,1.337885539
0.14,0.047294777,1.303524175
0.14,0.038899255,1.25484585
0.14,0.02658584,1.193281932
0.14,0.017630593,1.130286427
0.14,0.007555972,1.068722508
0.14,0,1
0.15,0.3,1.976431642
0.15,0.293563425,1.970704857
0.15,0.281809703,1.957819482
0.15,0.266417913,1.936343712
0.15,0.253544763,1.932048296
0.15,0.238152973,1.916299747
0.15,0.226679097,1.900550543
0.15,0.213805947,1.883369971
0.15,0.203731325,1.874779794
0.15,0.191697757,1.860462614
0.15,0.181343267,1.841850236
0.15,0.168470138,1.821806052
0.15,0.160914177,1.80462548
0.15,0.152238788,1.786013102
0.15,0.14272388,1.765969137
0.15,0.132929105,1.720154205
0.15,0.123694022,1.672907466
0.15,0.117257447,1.644273106
0.15,0.108302232,1.605616763
0.15,0.097667896,1.565528615
0.15,0.085074614,1.506828089
0.15,0.074160453,1.443832584
0.15,0.062126863,1.369383291
0.15,0.050093284,1.317841355
0.15,0.039458948,1.249118847
0.15,0.029664183,1.191850126
0.15,0.019589572,1.124559423
0.15,0.013152986,1.087334886
0.15,0.004477607,1.037224756
0.15,0,1
0.16,0.3,2.000771023
0.16,0.289645489,1.999339217
0.16,0.282369396,1.990748822
0.16,0.275373128,1.982158426
0.16,0.267257431,1.976431642
0.16,0.259421645,1.969273051
0.16,0.251865641,1.963546267
0.16,0.243749987,1.950660892
0.16,0.235634355,1.944934107
0.16,0.224440326,1.929185122
0.16,0.212966408,1.909140939
0.16,0.199813411,1.897687151
0.16,0.186380589,1.876211381
0.16,0.172388053,1.85473561
0.16,0.162593277,1.836123233
0.16,0.158395516,1.824669663
0.16,0.152238788,1.801762088
0.16,0.147201487,1.771695922
0.16,0.140205219,1.741629975
0.16,0.132089544,1.715859007
0.16,0.125093276,1.678634251
0.16,0.119216415,1.651431696
0.16,0.113899247,1.624229141
0.16,0.105783572,1.595594781
0.16,0.098227611,1.558370025
0.16,0.090391782,1.52400888
0.16,0.084235074,1.489647517
0.16,0.078917906,1.45958157
0.16,0.074160453,1.430947209
0.16,0.066884327,1.393722454
0.16,0.062126863,1.370814878
0.16,0.05736942,1.347907521
0.16,0.051772405,1.326431751
0.16,0.04701492,1.2906388
0.16,0.041417905,1.264867833
0.16,0.035820891,1.22621149
0.16,0.03162313,1.19757713
0.16,0.024347015,1.160352374
0.16,0.017350747,1.127422816
0.16,0.012593283,1.098788456
0.16,0.006716422,1.060132113
0.16,0,1
0.17,0,2.030837188
0.17,0.291604478,2.016520008
0.17,0.278731328,2.006497807
0.17,0.266417913,1.993612432
0.17,0.256623138,1.986453842
0.17,0.247388034,1.974999836
0.17,0.233675366,1.957819482
0.17,0.224160437,1.949229087
0.17,0.212406693,1.936343712
0.17,0.201212664,1.916299747
0.17,0.188619382,1.897687151
0.17,0.178264914,1.884801776
0.17,0.158395516,1.824669663
0.17,0.152238788,1.801762088
0.17,0.147201487,1.771695922
0.17,0.140205219,1.741629975
0.17,0.132089544,1.715859007
0.17,0.125093276,1.678634251
0.17,0.119216415,1.651431696
0.17,0.113899247,1.624229141
0.17,0.105783572,1.595594781
0.17,0.098227611,1.558370025
0.17,0.090391782,1.52400888
0.17,0.084235074,1.489647517
0.17,0.078917906,1.45958157
0.17,0.074160453,1.430947209
0.17,0.066884327,1.393722454
0.17,0.062126863,1.370814878
0.17,0.05736942,1.347907521
0.17,0.051772405,1.326431751
0.17,0.04701492,1.2906388
0.17,0.041417905,1.264867833
0.17,0.035820891,1.22621149
0.17,0.03162313,1.19757713
0.17,0.024347015,1.160352374
0.17,0.017350747,1.127422816
0.17,0.012593283,1.098788456
0.17,0.006716422,1.060132113
0.17,0,1
0.18,0.3,2.052312958
0.18,0.291604478,2.042290758
0.18,0.285447728,2.040858952
0.18,0.276212688,2.027973577
0.18,0.26921642,2.020814987
0.18,0.258861909,2.006497807
0.18,0.249347002,1.999339217
0.18,0.242070887,1.986453842
0.18,0.233395498,1.986453842
0.18,0.223041072,1.969273051
0.18,0.209608186,1.952092697
0.18,0.199813411,1.939206886
0.18,0.188339535,1.916299747
0.18,0.179104474,1.900550543
0.18,0.168470138,1.866189398
0.18,0.162033563,1.836123233
0.18,0.158395516,1.824669663
0.18,0.152238788,1.801762088
0.18,0.147201487,1.771695922
0.18,0.140205219,1.741629975
0.18,0.132089544,1.715859007
0.18,0.125093276,1.678634251
0.18,0.119216415,1.651431696
0.18,0.113899247,1.624229141
0.18,0.105783572,1.595594781
0.18,0.098227611,1.558370025
0.18,0.090391782,1.52400888
0.18,0.084235074,1.489647517
0.18,0.078917906,1.45958157
0.18,0.074160453,1.430947209
0.18,0.066884327,1.393722454
0.18,0.062126863,1.370814878
0.18,0.05736942,1.347907521
0.18,0.051772405,1.326431751
0.18,0.04701492,1.2906388
0.18,0.041417905,1.264867833
0.18,0.035820891,1.22621149
0.18,0.03162313,1.19757713
0.18,0.024347015,1.160352374
0.18,0.017350747,1.127422816
0.18,0.012593283,1.098788456
0.18,0.006716422,1.060132113
0.18,0,1
0.19,0.3,2.075220097
0.19,0.287406717,2.069493312
0.19,0.275373128,2.052312958
0.19,0.267537299,2.040858952
0.19,0.255223884,2.032268557
0.19,0.247388034,2.017951377
0.19,0.237873126,2.009361418
0.19,0.225279844,1.992180627
0.19,0.213246297,1.976431642
0.19,0.200653014,1.960682656
0.19,0.189738789,1.937775517
0.19,0.179384321,1.910572744
0.19,0.169309699,1.860462614
0.19,0.161753717,1.84041843
0.19,0.158395516,1.824669663
0.19,0.152238788,1.801762088
0.19,0.147201487,1.771695922
0.19,0.140205219,1.741629975
0.19,0.132089544,1.715859007
0.19,0.125093276,1.678634251
0.19,0.119216415,1.651431696
0.19,0.113899247,1.624229141
0.19,0.105783572,1.595594781
0.19,0.098227611,1.558370025
0.19,0.090391782,1.52400888
0.19,0.084235074,1.489647517
0.19,0.078917906,1.45958157
0.19,0.074160453,1.430947209
0.19,0.066884327,1.393722454
0.19,0.062126863,1.370814878
0.19,0.05736942,1.347907521
0.19,0.051772405,1.326431751
0.19,0.04701492,1.2906388
0.19,0.041417905,1.264867833
0.19,0.035820891,1.22621149
0.19,0.03162313,1.19757713
0.19,0.024347015,1.160352374
0.19,0.017350747,1.127422816
0.19,0.012593283,1.098788456
0.19,0.006716422,1.060132113
0.19,0,1
0.2,0.3,2.103854457
0.2,0.292723864,2.096695867
0.2,0.284048475,2.086674103
0.2,0.277052206,2.079515513
0.2,0.268656685,2.072356923
0.2,0.256902963,2.049449348
0.2,0.243470141,2.036563973
0.2,0.229757451,2.019383182
0.2,0.221361929,2.002202828
0.2,0.21100744,1.992180627
0.2,0.201492532,1.972136662
0.2,0.193656703,1.952092697
0.2,0.184421621,1.920594726
0.2,0.176305967,1.899118956
0.2,0.169029831,1.866189398
0.2,0.163712684,1.843281823
0.2,0.158395516,1.824669663
0.2,0.152238788,1.801762088
0.2,0.147201487,1.771695922
0.2,0.140205219,1.741629975
0.2,0.132089544,1.715859007
0.2,0.125093276,1.678634251
0.2,0.119216415,1.651431696
0.2,0.113899247,1.624229141
0.2,0.105783572,1.595594781
0.2,0.098227611,1.558370025
0.2,0.090391782,1.52400888
0.2,0.084235074,1.489647517
0.2,0.078917906,1.45958157
0.2,0.074160453,1.430947209
0.2,0.066884327,1.393722454
0.2,0.062126863,1.370814878
0.2,0.05736942,1.347907521
0.2,0.051772405,1.326431751
0.2,0.04701492,1.2906388
0.2,0.041417905,1.264867833
0.2,0.035820891,1.22621149
0.2,0.03162313,1.19757713
0.2,0.024347015,1.160352374
0.2,0.017350747,1.127422816
0.2,0.012593283,1.098788456
0.2,0.006716422,1.060132113
0.2,0,1
0.21,0.3,2.132488818
0.21,0.292164171,2.115308464
0.21,0.281529835,2.105286263
0.21,0.273414181,2.098127673
0.21,0.263619406,2.085242298
0.21,0.257462656,2.075220097
0.21,0.247108187,2.060902917
0.21,0.23927238,2.049449348
0.21,0.22891789,2.039427147
0.21,0.219402961,2.020814987
0.21,0.209048536,2.005066002
0.21,0.202611918,1.996475606
0.21,0.195055957,1.963546267
0.21,0.188619382,1.939206886
0.21,0.182182828,1.916299747
0.21,0.176026099,1.893391953
0.21,0.169309699,1.860462614
0.21,0.158395516,1.824669663
0.21,0.152238788,1.801762088
0.21,0.147201487,1.771695922
0.21,0.140205219,1.741629975
0.21,0.132089544,1.715859007
0.21,0.125093276,1.678634251
0.21,0.119216415,1.651431696
0.21,0.113899247,1.624229141
0.21,0.105783572,1.595594781
0.21,0.098227611,1.558370025
0.21,0.090391782,1.52400888
0.21,0.084235074,1.489647517
0.21,0.078917906,1.45958157
0.21,0.074160453,1.430947209
0.21,0.066884327,1.393722454
0.21,0.062126863,1.370814878
0.21,0.05736942,1.347907521
0.21,0.051772405,1.326431751
0.21,0.04701492,1.2906388
0.21,0.041417905,1.264867833
0.21,0.035820891,1.22621149
0.21,0.03162313,1.19757713
0.21,0.024347015,1.160352374
0.21,0.017350747,1.127422816
0.21,0.012593283,1.098788456
0.21,0.006716422,1.060132113
0.21,0,1
0.22,0.3,2.158260004
0.22,0.292723864,2.146805998
0.22,0.287686543,2.138216039
0.22,0.280130581,2.131057449
0.22,0.272854446,2.122467054
0.22,0.265018659,2.105286263
0.22,0.256063402,2.096695867
0.22,0.246828384,2.079515513
0.22,0.236753719,2.065198333
0.22,0.229197737,2.058039743
0.22,0.221641819,2.053744327
0.22,0.215485068,2.039427147
0.22,0.21044779,2.017951377
0.22,0.204011172,1.995044238
0.22,0.197574618,1.967841246
0.22,0.189738789,1.936343712
0.22,0.183302235,1.914867942
0.22,0.177425353,1.890528561
0.22,0.170149238,1.8618942
0.22,0.163712684,1.844713628
0.22,0.098227611,1.558370025
0.22,0.090391782,1.52400888
0.22,0.084235074,1.489647517
0.22,0.078917906,1.45958157
0.22,0.074160453,1.430947209
0.22,0.066884327,1.393722454
0.22,0.062126863,1.370814878
0.22,0.05736942,1.347907521
0.22,0.051772405,1.326431751
0.22,0.04701492,1.2906388
0.22,0.041417905,1.264867833
0.22,0.035820891,1.22621149
0.22,0.03162313,1.19757713
0.22,0.024347015,1.160352374
0.22,0.017350747,1.127422816
0.22,0.012593283,1.098788456
0.22,0.006716422,1.060132113
0.22,0,1
0.23,0.3,2.179735774
0.23,0.293563425,2.165418594
0.23,0.284328342,2.151101414
0.23,0.275652953,2.142511019
0.23,0.26921642,2.135352428
0.23,0.259981338,2.118171638
0.23,0.249626891,2.108149874
0.23,0.242070887,2.095264499
0.23,0.221641819,2.053744327
0.23,0.215485068,2.039427147
0.23,0.21044779,2.017951377
0.23,0.204011172,1.995044238
0.23,0.197574618,1.967841246
0.23,0.189738789,1.936343712
0.23,0.183302235,1.914867942
0.23,0.177425353,1.890528561
0.23,0.170149238,1.8618942
0.23,0.163712684,1.844713628
0.23,0.098227611,1.558370025
0.23,0.090391782,1.52400888
0.23,0.084235074,1.489647517
0.23,0.078917906,1.45958157
0.23,0.074160453,1.430947209
0.23,0.066884327,1.393722454
0.23,0.062126863,1.370814878
0.23,0.05736942,1.347907521
0.23,0.051772405,1.326431751
0.23,0.04701492,1.2906388
0.23,0.041417905,1.264867833
0.23,0.035820891,1.22621149
0.23,0.03162313,1.19757713
0.23,0.024347015,1.160352374
0.23,0.017350747,1.127422816
0.23,0.012593283,1.098788456
0.23,0.006716422,1.060132113
0.23,0,1
0.24,0.3,2.18832617
0.24,0.292443996,2.185462559
0.24,0.283208957,2.168281768
0.24,0.276212688,2.156828199
0.24,0.268656685,2.151101414
0.24,0.261380591,2.143942824
0.24,0.252425377,2.128193838
0.24,0.240671634,2.113876658
0.24,0.231996244,2.092400888
0.24,0.221641819,2.053744327
0.24,0.215485068,2.039427147
0.24,0.21044779,2.017951377
0.24,0.204011172,1.995044238
0.24,0.197574618,1.967841246
0.24,0.189738789,1.936343712
0.24,0.183302235,1.914867942
0.24,0.177425353,1.890528561
0.24,0.170149238,1.8618942
0.24,0.163712684,1.844713628
0.24,0.098227611,1.558370025
0.24,0.090391782,1.52400888
0.24,0.084235074,1.489647517
0.24,0.078917906,1.45958157
0.24,0.074160453,1.430947209
0.24,0.066884327,1.393722454
0.24,0.062126863,1.370814878
0.24,0.05736942,1.347907521
0.24,0.051772405,1.326431751
0.24,0.04701492,1.2906388
0.24,0.041417905,1.264867833
0.24,0.035820891,1.22621149
0.24,0.03162313,1.19757713
0.24,0.024347015,1.160352374
0.24,0.017350747,1.127422816
0.24,0.012593283,1.098788456
0.24,0.006716422,1.060132113
0.24,0,1
0.25,0.3,2.208370135
0.25,0.293003732,2.201211544
0.25,0.285447728,2.189757538
0.25,0.276212688,2.17400899
0.25,0.267537299,2.1668504
0.25,0.258022391,2.156828199
0.25,0.249347002,2.133920623
0.25,0.239832116,2.112444853
0.25,0.221641819,2.053744327
0.25,0.215485068,2.039427147
0.25,0.21044779,2.017951377
0.25,0.204011172,1.995044238
0.25,0.197574618,1.967841246
0.25,0.189738789,1.936343712
0.25,0.183302235,1.914867942
0.25,0.177425353,1.890528561
0.25,0.170149238,1.8618942
0.25,0.163712684,1.844713628
0.25,0.098227611,1.558370025
0.25,0.090391782,1.52400888
0.25,0.084235074,1.489647517
0.25,0.078917906,1.45958157
0.25,0.074160453,1.430947209
0.25,0.066884327,1.393722454
0.25,0.062126863,1.370814878
0.25,0.05736942,1.347907521
0.25,0.051772405,1.326431751
0.25,0.04701492,1.2906388
0.25,0.041417905,1.264867833
0.25,0.035820891,1.22621149
0.25,0.03162313,1.19757713
0.25,0.024347015,1.160352374
0.25,0.017350747,1.127422816
0.25,0.012593283,1.098788456
0.25,0.006716422,1.060132113
0.25,0,1
0.26,0.3,2.229845905
0.26,0.291604478,2.214096919
0.26,0.284888035,2.204074718
0.26,0.277611942,2.201211544
0.26,0.270615674,2.189757538
0.26,0.264458924,2.182598948
0.26,0.257462656,2.172577184
0.26,0.247667902,2.145374629
0.26,0.238152973,2.112444853
0.26,0.231436594,2.093832693
0.26,0.221641819,2.053744327
0.26,0.215485068,2.039427147
0.26,0.21044779,2.017951377
0.26,0.204011172,1.995044238
0.26,0.197574618,1.967841246
0.26,0.189738789,1.936343712
0.26,0.183302235,1.914867942
0.26,0.177425353,1.890528561
0.26,0.170149238,1.8618942
0.26,0.163712684,1.844713628
0.26,0.098227611,1.558370025
0.26,0.090391782,1.52400888
0.26,0.084235074,1.489647517
0.26,0.078917906,1.45958157
0.26,0.074160453,1.430947209
0.26,0.066884327,1.393722454
0.26,0.062126863,1.370814878
0.26,0.05736942,1.347907521
0.26,0.051772405,1.326431751
0.26,0.04701492,1.2906388
0.26,0.041417905,1.264867833
0.26,0.035820891,1.22621149
0.26,0.03162313,1.19757713
0.26,0.024347015,1.160352374
0.26,0.017350747,1.127422816
0.26,0.012593283,1.098788456
0.26,0.006716422,1.060132113
0.26,0,1
0.27,0.3,2.244163085
0.27,0.292443996,2.234140884
0.27,0.283768649,2.222687315
0.27,0.275373128,2.214096919
0.27,0.266138045,2.201211544
0.27,0.259141777,2.175440358
0.27,0.249347002,2.148237803
0.27,0.242350734,2.121035248
0.27,0.233115651,2.093832693
0.27,0.221641819,2.053744327
0.27,0.215485068,2.039427147
0.27,0.21044779,2.017951377
0.27,0.204011172,1.995044238
0.27,0.197574618,1.967841246
0.27,0.189738789,1.936343712
0.27,0.183302235,1.914867942
0.27,0.177425353,1.890528561
0.27,0.170149238,1.8618942
0.27,0.163712684,1.844713628
0.27,0.098227611,1.558370025
0.27,0.090391782,1.52400888
0.27,0.084235074,1.489647517
0.27,0.078917906,1.45958157
0.27,0.074160453,1.430947209
0.27,0.066884327,1.393722454
0.27,0.062126863,1.370814878
0.27,0.05736942,1.347907521
0.27,0.051772405,1.326431751
0.27,0.04701492,1.2906388
0.27,0.041417905,1.264867833
0.27,0.035820891,1.22621149
0.27,0.03162313,1.19757713
0.27,0.024347015,1.160352374
0.27,0.017350747,1.127422816
0.27,0.012593283,1.098788456
0.27,0.006716422,1.060132113
0.27,0,1
0.28,0.3,2.26420705
0.28,0.294962678,2.254184849
0.28,0.287406717,2.244163085
0.28,0.281249967,2.242731279
0.28,0.274253699,2.221255509
0.28,0.266417913,2.201211544
0.28,0.258022391,2.18116758
0.28,0.251305948,2.156828199
0.28,0.243749987,2.132488818
0.28,0.237313412,2.109581679
0.28,0.221641819,2.053744327
0.28,0.215485068,2.039427147
0.28,0.21044779,2.017951377
0.28,0.204011172,1.995044238
0.28,0.197574618,1.967841246
0.28,0.189738789,1.936343712
0.28,0.183302235,1.914867942
0.28,0.177425353,1.890528561
0.28,0.170149238,1.8618942
0.28,0.163712684,1.844713628
0.28,0.098227611,1.558370025
0.28,0.090391782,1.52400888
0.28,0.084235074,1.489647517
0.28,0.078917906,1.45958157
0.28,0.074160453,1.430947209
0.28,0.066884327,1.393722454
0.28,0.062126863,1.370814878
0.28,0.05736942,1.347907521
0.28,0.051772405,1.326431751
0.28,0.04701492,1.2906388
0.28,0.041417905,1.264867833
0.28,0.035820891,1.22621149
0.28,0.03162313,1.19757713
0.28,0.024347015,1.160352374
0.28,0.017350747,1.127422816
0.28,0.012593283,1.098788456
0.28,0.006716422,1.060132113
0.28,0,1
0.29,0.3,2.282819209
0.29,0.294402986,2.268502029
0.29,0.283208957,2.244163085
0.29,0.273694006,2.225550489
0.29,0.260261163,2.182598948
0.29,0.251305948,2.161123178
0.29,0.241791019,2.118171638
0.29,0.231716398,2.079515513
0.29,0.221641819,2.053744327
0.29,0.215485068,2.039427147
0.29,0.21044779,2.017951377
0.29,0.204011172,1.995044238
0.29,0.197574618,1.967841246
0.29,0.189738789,1.936343712
0.29,0.183302235,1.914867942
0.29,0.177425353,1.890528561
0.29,0.170149238,1.8618942
0.29,0.163712684,1.844713628
0.29,0.098227611,1.558370025
0.29,0.090391782,1.52400888
0.29,0.084235074,1.489647517
0.29,0.078917906,1.45958157
0.29,0.074160453,1.430947209
0.29,0.066884327,1.393722454
0.29,0.062126863,1.370814878
0.29,0.05736942,1.347907521
0.29,0.051772405,1.326431751
0.29,0.04701492,1.2906388
0.29,0.041417905,1.264867833
0.29,0.035820891,1.22621149
0.29,0.03162313,1.19757713
0.29,0.024347015,1.160352374
0.29,0.017350747,1.127422816
0.29,0.012593283,1.098788456
0.29,0.006716422,1.060132113
0.29,0,1
0.3,0.3,2.298568195
0.3,0.29384325,2.284251014
0.3,0.287406717,2.26420705
0.3,0.280690274,2.247026259
0.3,0.274253699,2.22411912
0.3,0.266417913,2.204074718
0.3,0.259981338,2.184030754
0.3,0.251026123,2.158260004
0.3,0.244869394,2.139647408
0.3,0.238152973,2.111013047
0.3,0.231436594,2.092400888
0.3,0.221641819,2.053744327
0.3,0.215485068,2.039427147
0.3,0.21044779,2.017951377
0.3,0.204011172,1.995044238
0.3,0.197574618,1.967841246
0.3,0.189738789,1.936343712
0.3,0.183302235,1.914867942
0.3,0.177425353,1.890528561
0.3,0.170149238,1.8618942
0.3,0.163712684,1.844713628
0.3,0.098227611,1.558370025
0.3,0.090391782,1.52400888
0.3,0.084235074,1.489647517
0.3,0.078917906,1.45958157
0.3,0.074160453,1.430947209
0.3,0.066884327,1.393722454
0.3,0.062126863,1.370814878
0.3,0.05736942,1.347907521
0.3,0.051772405,1.326431751
0.3,0.04701492,1.2906388
0.3,0.041417905,1.264867833
0.3,0.035820891,1.22621149
0.3,0.03162313,1.19757713
0.3,0.024347015,1.160352374
0.3,0.017350747,1.127422816
0.3,0.012593283,1.098788456
0.3,0.006716422,1.060132113
0.3,0,1
